token,frequency
SS,241129529
YY,217398524
SL,207554954
SG,207511150
VS,171421006
VT,163537231
TA,157087705
TV,143485166
GS,140812534
DT,138744409
PG,132435364
IS,132426637
QG,131084289
CA,129667309
SV,124189449
GG,123326353
GT,123299416
TL,122790091
KG,117154149
LS,117051437
GL,112634973
GQ,111909144
WV,106574450
WG,106176672
LR,102642238
AS,100697985
LE,98394853
AV,98331566
TS,98033762
LV,95513314
YC,95007808
FT,93401069
EW,92985355
VY,92223673
RQ,91313519
VK,85960911
GR,85505161
ST,84901240
SR,83313233
NS,81811010
GK,79783711
YW,78696318
TI,78585199
SY,74641796
GY,74399256
VR,73147616
AA,73146067
SC,72972591
YA,72684719
FS,72239592
WI,70584200
AR,70156462
AD,69236196
RD,67990497
DS,67016739
LK,61829634
LT,61754362
LQ,61535704
DY,61069009
AP,59652621
ED,59639728
TF,59006312
KN,58003985
QA,55934984
RL,55451282
RV,53489554
SK,53000637
PS,50746259
SW,50115329
FD,49803877
GF,49716228
KS,45726368
SI,45276113
SE,45049708
RF,44974818
YL,44423501
TT,44402493
NY,44295163
MN,43724197
YS,42946581
RS,42762305
LY,41417576
AY,40382436
AE,40054535
QM,39915568
NT,39519070
YN,39232780
DN,38984263
RA,38442162
YG,38423985
YM,38236061
IG,37913591
KA,37661803
IY,36968991
GA,36418786
RG,36341304
SA,35964057
NP,35723809
TY,35535296
VQ,35508142
VD,33909471
QP,33540190
QL,33037819
WM,32946754
IR,31967780
KL,31871689
SD,31473578
TN,31122316
EL,30026590
AK,29546574
GW,28636376
ES,28617036
YT,28289789
TC,28274029
HW,27879847
TM,27648572
NQ,27585987
CK,27050420
GD,25764862
ET,25627778
TG,25558575
AT,25120977
PP,25012160
CT,24871035
DG,24797991
MG,24660740
VA,24548820
QF,24512890
GI,24259774
AM,24222637
MS,24191580
DD,24051445
YF,24040070
YD,23811171
WS,23601712
SN,22695026
KV,22487518
VW,22439932
MD,22342077
IN,22140676
QV,21592714
KF,21582819
NW,21536049
DV,21452630
YI,20807358
MH,20584319
NA,20451600
SF,20380996
AI,20285117
ME,20124578
IT,19954730
QK,19805102
GN,19590988
FQ,19371037
GV,19191455
KP,19159064
TR,19135428
AQ,18900837
DP,18804259
GE,18739601
GP,18614407
GM,17986980
SP,17637507
TD,17553074
QS,17440569
MT,17349218
AG,17240679
AL,16138536
DI,15138252
RI,15133089
EV,14904393
VV,14648450
DK,14628233
LG,14563071
AF,14496818
KY,14444967
VE,14350989
NG,14260790
RP,14084322
RY,13943177
VG,13767191
VI,13753094
IW,12455774
LD,12251625
II,12159281
KD,12145486
AN,11835091
MV,11580204
PW,11313148
WF,11052764
FG,10952718
PE,10580798
HS,10040948
KQ,9993587
SQ,9981347
YP,9967124
RE,9831212
WL,9740510
DA,9625211
TP,9440485
RT,9435763
RR,9329127
TE,9194949
ID,9105638
SM,9013094
LN,8915400
QR,8854959
HY,8845115
DL,8664455
YV,8585983
EG,8543539
PN,8486668
QT,8452148
WY,8376494
DR,8371511
RN,8326644
FY,8245814
EK,8235985
CS,8115545
DF,8096883
EI,8045256
PA,8035283
MY,7954982
PV,7915593
IF,7755779
NK,7581917
LA,7551688
LL,7404497
PD,7353375
KT,7348656
FK,7299860
IA,7235774
TK,7208997
KI,7203606
NN,7138817
NI,7107267
VP,7089196
IP,7085008
PY,7047010
IL,6989003
PI,6903436
CV,6891721
QQ,6772868
EY,6731160
FL,6678032
PT,6585945
QW,6584056
TW,6568174
KK,6562974
FA,6558034
NH,6406357
YH,6368820
AW,6287077
FI,6226169
GH,6154395
FW,6150564
DW,6068693
DE,6066474
IV,6018653
NL,6005898
FC,5952616
SH,5937179
YR,5926352
LI,5824969
VL,5810570
RH,5736787
WN,5736768
PL,5690903
IK,5669684
HG,5637928
LF,5569795
PR,5390001
QE,5301619
MQ,5137202
ND,5122208
VF,5013813
PF,5010764
FN,4894351
VN,4842231
LW,4812135
IH,4765531
KR,4587708
NF,4542009
CY,4508604
FR,4495342
LP,4418496
HP,4213014
QD,4019345
NE,4013092
MP,3935643
KE,3686233
TQ,3683067
EA,3601055
CG,3559306
DH,3545286
VH,3526391
WD,3490530
RW,3472417
HL,3469811
NR,3468598
DM,3466320
LH,3446444
ER,3412748
TH,3382393
FP,3377948
YE,3358032
FF,3301410
RK,3271013
AH,3248195
NM,3236619
WA,3200300
EN,3196637
PK,3129733
QI,3120131
HF,2921890
QH,2895766
NV,2867013
MA,2823066
EM,2822302
HD,2668274
WT,2651860
QY,2629897
HA,2614006
KM,2533195
DC,2426606
EF,2385863
FV,2376997
DQ,2371628
HT,2362958
LM,2221420
VM,2124855
EP,2124768
HI,2110168
KW,2097545
QN,2077288
FE,2051614
PQ,2051427
HR,1997452
MI,1994946
GC,1977943
EQ,1949439
HV,1919705
IE,1874867
MK,1870514
EE,1843329
IQ,1812721
FH,1811980
PH,1806487
RM,1719548
ML,1696294
HN,1655222
WW,1587382
YK,1572067
MR,1516261
WR,1493442
CE,1438028
CI,1391343
HC,1359628
YQ,1346571
HM,1309117
CL,1301957
VC,1225722
WE,1208222
CR,1203646
PM,1172960
CW,1159801
KH,1155241
RC,1153353
CP,1122530
CD,1110979
HH,1089214
NC,1078769
FM,1064901
AC,1026022
WP,1021442
CF,1011490
CN,958116
PC,955405
CQ,953498
IM,890238
MF,846355
EC,829837
HE,775479
EH,775352
IC,761218
WH,747733
LC,712155
HQ,699853
CC,667850
HK,651837
WK,560260
CM,548072
MW,536401
CH,483768
KC,462194
WC,445114
WQ,379968
QC,304023
MC,276474
MM,230950
